,date,sku,unit_sold,returns,delivered_units,views,orders,cancellations,day,cost,price,name,category,group,warehouse_units,revenue
0,2024-01-10,100001,10,0,10,300,12,2,10,1230,1499,Удлиненные шорты из смесового хлопка,Одежда,Шорты,2990,2690
1,2024-01-11,100001,40,2,42,1200,48,6,11,1230,1499,Удлиненные шорты из смесового хлопка,Одежда,Шорты,2950,10760
2,2024-01-12,100001,4,0,4,120,4,0,12,1230,1499,Удлиненные шорты из смесового хлопка,Одежда,Шорты,2946,1076
3,2024-01-13,100001,17,0,17,510,20,3,13,1230,1499,Удлиненные шорты из смесового хлопка,Одежда,Шорты,2929,4573
4,2024-01-14,100001,31,1,32,930,37,5,14,1230,1499,Удлиненные шорты из смесового хлопка,Одежда,Шорты,2898,8339
5,2024-01-15,100001,15,0,15,450,18,3,15,1230,1499,Удлиненные шорты из смесового хлопка,Одежда,Шорты,2883,4035
6,2024-01-16,100001,2,0,2,60,2,0,16,1230,1499,Удлиненные шорты из смесового хлопка,Одежда,Шорты,2881,538
7,2024-01-17,100001,4,0,4,120,4,0,17,1230,1499,Удлиненные шорты из смесового хлопка,Одежда,Шорты,2877,1076
8,2024-01-18,100001,54,2,56,1620,64,8,18,1230,1499,Удлиненные шорты из смесового хлопка,Одежда,Шорты,2823,14526
9,2024-01-19,100001,0,0,0,0,0,0,19,1230,1499,Удлиненные шорты из смесового хлопка,Одежда,Шорты,2823,0
10,2024-01-20,100001,3,0,3,90,3,0,20,1230,1499,Удлиненные шорты из смесового хлопка,Одежда,Шорты,2820,807
11,2024-01-21,100001,37,1,38,1110,44,6,21,1230,1499,Удлиненные шорты из смесового хлопка,Одежда,Шорты,2783,9953
12,2024-01-22,100001,10,0,10,300,12,2,22,1230,1499,Удлиненные шорты из смесового хлопка,Одежда,Шорты,2773,2690
13,2024-01-23,100001,12,0,12,360,14,2,23,1230,1499,Удлиненные шорты из смесового хлопка,Одежда,Шорты,2761,3228
14,2024-01-24,100001,5,0,5,150,6,1,24,1230,1499,Удлиненные шорты из смесового хлопка,Одежда,Шорты,2756,1345
15,2024-01-25,100001,40,2,42,1200,48,6,25,1230,1499,Удлиненные шорты из смесового хлопка,Одежда,Шорты,2716,10760
16,2024-01-26,100001,18,0,18,540,21,3,26,1230,1499,Удлиненные шорты из смесового хлопка,Одежда,Шорты,2698,4842
17,2024-01-27,100001,5,0,5,150,6,1,27,1230,1499,Удлиненные шорты из смесового хлопка,Одежда,Шорты,2693,1345
18,2024-01-28,100001,55,2,57,1650,66,9,28,1230,1499,Удлиненные шорты из смесового хлопка,Одежда,Шорты,2638,14795
19,2024-01-29,100001,6,0,6,180,7,1,29,1230,1499,Удлиненные шорты из смесового хлопка,Одежда,Шорты,2632,1614
20,2024-01-30,100001,15,0,15,450,18,3,30,1230,1499,Удлиненные шорты из смесового хлопка,Одежда,Шорты,2617,4035
21,2024-01-31,100001,2,0,2,60,2,0,31,1230,1499,Удлиненные шорты из смесового хлопка,Одежда,Шорты,2615,538
22,2024-02-01,100001,50,2,52,1500,60,8,1,1230,1499,Удлиненные шорты из смесового хлопка,Одежда,Шорты,2565,13450
23,2024-02-02,100001,17,0,17,510,20,3,2,1230,1499,Удлиненные шорты из смесового хлопка,Одежда,Шорты,2548,4573
24,2024-02-03,100001,4,0,4,120,4,0,3,1230,1499,Удлиненные шорты из смесового хлопка,Одежда,Шорты,2544,1076
25,2024-02-04,100001,36,1,37,1080,43,6,4,1230,1499,Удлиненные шорты из смесового хлопка,Одежда,Шорты,2508,9684
26,2024-02-05,100001,1,0,1,30,1,0,5,1230,1499,Удлиненные шорты из смесового хлопка,Одежда,Шорты,2507,269
27,2024-02-06,100001,8,0,8,240,9,1,6,1230,1499,Удлиненные шорты из смесового хлопка,Одежда,Шорты,2499,2152
28,2024-02-07,100001,17,0,17,510,20,3,7,1230,1499,Удлиненные шорты из смесового хлопка,Одежда,Шорты,2482,4573
29,2024-02-08,100001,46,2,48,1380,55,7,8,1230,1499,Удлиненные шорты из смесового хлопка,Одежда,Шорты,2436,12374
30,2024-02-09,100001,0,0,0,0,0,0,9,1230,1499,Удлиненные шорты из смесового хлопка,Одежда,Шорты,2436,0
31,2024-02-10,100001,1,0,1,30,1,0,10,1230,1499,Удлиненные шорты из смесового хлопка,Одежда,Шорты,2435,269
32,2024-02-11,100001,37,1,38,1110,44,6,11,1230,1499,Удлиненные шорты из смесового хлопка,Одежда,Шорты,2398,9953
33,2024-02-12,100001,3,0,3,90,3,0,12,1230,1499,Удлиненные шорты из смесового хлопка,Одежда,Шорты,2395,807
34,2024-02-13,100001,16,0,16,480,19,3,13,1230,1499,Удлиненные шорты из смесового хлопка,Одежда,Шорты,2379,4304
35,2024-02-14,100001,3,0,3,90,3,0,14,1230,1499,Удлиненные шорты из смесового хлопка,Одежда,Шорты,2376,807
36,2024-02-15,100001,32,1,33,960,38,5,15,1230,1499,Удлиненные шорты из смесового хлопка,Одежда,Шорты,2344,8608
37,2024-02-16,100001,8,0,8,240,9,1,16,1230,1499,Удлиненные шорты из смесового хлопка,Одежда,Шорты,2336,2152
38,2024-02-17,100001,10,0,10,300,12,2,17,1230,1499,Удлиненные шорты из смесового хлопка,Одежда,Шорты,2326,2690
39,2024-02-18,100001,48,2,50,1440,57,7,18,1230,1499,Удлиненные шорты из смесового хлопка,Одежда,Шорты,2278,12912
40,2024-02-19,100001,14,0,14,420,16,2,19,1230,1499,Удлиненные шорты из смесового хлопка,Одежда,Шорты,2264,3766
41,2024-02-20,100001,16,0,16,480,19,3,20,1230,1499,Удлиненные шорты из смесового хлопка,Одежда,Шорты,2248,4304
42,2024-02-21,100001,19,0,19,570,22,3,21,1230,1499,Удлиненные шорты из смесового хлопка,Одежда,Шорты,2229,5111
43,2024-02-22,100001,30,1,31,900,36,5,22,1230,1499,Удлиненные шорты из смесового хлопка,Одежда,Шорты,2199,8070
44,2024-02-23,100001,14,0,14,420,16,2,23,1230,1499,Удлиненные шорты из смесового хлопка,Одежда,Шорты,2185,3766
45,2024-02-24,100001,16,0,16,480,19,3,24,1230,1499,Удлиненные шорты из смесового хлопка,Одежда,Шорты,2169,4304
46,2024-02-25,100001,43,2,45,1290,51,6,25,1230,1499,Удлиненные шорты из смесового хлопка,Одежда,Шорты,2126,11567
47,2024-02-26,100001,7,0,7,210,8,1,26,1230,1499,Удлиненные шорты из смесового хлопка,Одежда,Шорты,2119,1883
48,2024-02-27,100001,10,0,10,300,12,2,27,1230,1499,Удлиненные шорты из смесового хлопка,Одежда,Шорты,2109,2690
49,2024-02-28,100001,8,0,8,240,9,1,28,1230,1499,Удлиненные шорты из смесового хлопка,Одежда,Шорты,2101,2152
50,2024-02-29,100001,31,1,32,930,37,5,29,1230,1499,Удлиненные шорты из смесового хлопка,Одежда,Шорты,2070,8339
51,2024-03-01,100001,12,0,12,360,14,2,1,1230,1499,Удлиненные шорты из смесового хлопка,Одежда,Шорты,2058,3228
52,2024-03-02,100001,1,0,1,30,1,0,2,1230,1499,Удлиненные шорты из смесового хлопка,Одежда,Шорты,2057,269
53,2024-03-03,100001,35,1,36,1050,42,6,3,1230,1499,Удлиненные шорты из смесового хлопка,Одежда,Шорты,2022,9415
54,2024-03-04,100001,11,0,11,330,13,2,4,1230,1499,Удлиненные шорты из смесового хлопка,Одежда,Шорты,2011,2959
55,2024-03-05,100001,4,0,4,120,4,0,5,1230,1499,Удлиненные шорты из смесового хлопка,Одежда,Шорты,2007,1076
56,2024-03-06,100001,14,0,14,420,16,2,6,1230,1499,Удлиненные шорты из смесового хлопка,Одежда,Шорты,1993,3766
57,2024-03-07,100001,34,1,35,1020,40,5,7,1230,1499,Удлиненные шорты из смесового хлопка,Одежда,Шорты,1959,9146
58,2024-03-08,100001,0,0,0,0,0,0,8,1230,1499,Удлиненные шорты из смесового хлопка,Одежда,Шорты,1959,0
59,2024-03-09,100001,1,0,1,30,1,0,9,1230,1499,Удлиненные шорты из смесового хлопка,Одежда,Шорты,1958,269
60,2024-03-10,100001,54,2,56,1620,64,8,10,1230,1499,Удлиненные шорты из смесового хлопка,Одежда,Шорты,1904,14526
61,2024-03-11,100001,18,0,18,540,21,3,11,1230,1499,Удлиненные шорты из смесового хлопка,Одежда,Шорты,1886,4842
62,2024-03-12,100001,8,0,8,240,9,1,12,1230,1499,Удлиненные шорты из смесового хлопка,Одежда,Шорты,1878,2152
63,2024-03-13,100001,6,0,6,180,7,1,13,1230,1499,Удлиненные шорты из смесового хлопка,Одежда,Шорты,1872,1614
64,2024-03-14,100001,44,2,46,1320,52,6,14,1230,1499,Удлиненные шорты из смесового хлопка,Одежда,Шорты,1828,11836
65,2024-03-15,100001,10,0,10,300,12,2,15,1230,1799,Удлиненные шорты из смесового хлопка,Одежда,Шорты,1818,5690
66,2024-03-16,100001,3,0,3,90,3,0,16,1230,1799,Удлиненные шорты из смесового хлопка,Одежда,Шорты,1815,1707
67,2024-03-17,100001,36,1,37,1080,43,6,17,1230,1799,Удлиненные шорты из смесового хлопка,Одежда,Шорты,1779,20484
68,2024-03-18,100001,11,0,11,330,13,2,18,1230,1799,Удлиненные шорты из смесового хлопка,Одежда,Шорты,1768,6259
69,2024-03-19,100001,7,0,7,210,8,1,19,1230,1799,Удлиненные шорты из смесового хлопка,Одежда,Шорты,1761,3983
70,2024-03-20,100001,9,0,9,270,10,1,20,1230,1799,Удлиненные шорты из смесового хлопка,Одежда,Шорты,1752,5121
71,2024-03-21,100001,46,2,48,1380,55,7,21,1230,1799,Удлиненные шорты из смесового хлопка,Одежда,Шорты,1706,26174
72,2024-03-22,100001,16,0,16,480,19,3,22,1230,1799,Удлиненные шорты из смесового хлопка,Одежда,Шорты,1690,9104
73,2024-03-23,100001,6,0,6,180,7,1,23,1230,1799,Удлиненные шорты из смесового хлопка,Одежда,Шорты,1684,3414
74,2024-03-24,100001,38,1,39,1140,45,6,24,1230,1799,Удлиненные шорты из смесового хлопка,Одежда,Шорты,1646,21622
75,2024-03-25,100001,2,0,2,60,2,0,25,1230,1799,Удлиненные шорты из смесового хлопка,Одежда,Шорты,1644,1138
76,2024-03-26,100001,8,0,8,240,9,1,26,1230,1799,Удлиненные шорты из смесового хлопка,Одежда,Шорты,1636,4552
77,2024-03-27,100001,16,0,16,480,19,3,27,1230,1799,Удлиненные шорты из смесового хлопка,Одежда,Шорты,1620,9104
78,2024-03-28,100001,55,2,57,1650,66,9,28,1230,1799,Удлиненные шорты из смесового хлопка,Одежда,Шорты,1565,31295
79,2024-03-29,100001,12,0,12,360,14,2,29,1230,1799,Удлиненные шорты из смесового хлопка,Одежда,Шорты,1553,6828
80,2024-03-30,100001,10,0,10,300,12,2,30,1230,1799,Удлиненные шорты из смесового хлопка,Одежда,Шорты,1543,5690
81,2024-03-31,100001,35,1,36,1050,42,6,31,1230,1799,Удлиненные шорты из смесового хлопка,Одежда,Шорты,1508,19915
82,2024-04-01,100001,13,0,13,390,15,2,1,1230,1799,Удлиненные шорты из смесового хлопка,Одежда,Шорты,1495,7397
83,2024-04-02,100001,16,0,16,480,19,3,2,1230,1799,Удлиненные шорты из смесового хлопка,Одежда,Шорты,1479,9104
84,2024-04-03,100001,1,0,1,30,1,0,3,1230,1799,Удлиненные шорты из смесового хлопка,Одежда,Шорты,1478,569
85,2024-04-04,100001,33,1,34,990,39,5,4,1230,1799,Удлиненные шорты из смесового хлопка,Одежда,Шорты,1445,18777
86,2024-04-05,100001,24,0,16,720,28,3,5,1230,1799,Удлиненные шорты из смесового хлопка,Одежда,Шорты,1421,13656
87,2024-04-06,100001,12,0,8,360,13,1,6,1230,1799,Удлиненные шорты из смесового хлопка,Одежда,Шорты,1409,6828
88,2024-04-07,100001,61,2,43,1845,73,6,7,1230,1799,Удлиненные шорты из смесового хлопка,Одежда,Шорты,1348,34709
89,2024-04-08,100001,0,0,0,0,0,0,8,1230,1799,Удлиненные шорты из смесового хлопка,Одежда,Шорты,1348,0
90,2024-04-09,100001,22,0,15,675,27,3,9,1230,1799,Удлиненные шорты из смесового хлопка,Одежда,Шорты,1326,12518
91,2024-04-10,100001,15,0,10,450,18,2,10,1230,1799,Удлиненные шорты из смесового хлопка,Одежда,Шорты,1311,8535
92,2024-04-11,100001,48,1,33,1440,57,5,11,1230,1799,Удлиненные шорты из смесового хлопка,Одежда,Шорты,1263,27312
93,2024-04-12,100001,3,0,2,90,3,0,12,1230,1799,Удлиненные шорты из смесового хлопка,Одежда,Шорты,1260,1707
94,2024-04-13,100001,21,0,14,630,24,2,13,1230,1799,Удлиненные шорты из смесового хлопка,Одежда,Шорты,1239,11949
95,2024-04-14,100001,82,2,57,2475,99,9,14,1230,1799,Удлиненные шорты из смесового хлопка,Одежда,Шорты,1157,46658
96,2024-04-15,100001,28,0,19,855,33,3,15,1230,1999,Удлиненные шорты из смесового хлопка,Одежда,Шорты,1129,21532
97,2024-04-16,100001,25,0,17,765,30,3,16,1230,1999,Удлиненные шорты из смесового хлопка,Одежда,Шорты,1104,19225
98,2024-04-17,100001,27,0,18,810,31,3,17,1230,1999,Удлиненные шорты из смесового хлопка,Одежда,Шорты,1077,20763
99,2024-04-18,100001,78,2,54,2340,93,8,18,1230,1999,Удлиненные шорты из смесового хлопка,Одежда,Шорты,999,59982
100,2024-04-19,100001,13,0,9,405,15,1,19,1230,1999,Удлиненные шорты из смесового хлопка,Одежда,Шорты,986,9997
101,2024-04-20,100001,28,0,19,855,33,3,20,1230,1999,Удлиненные шорты из смесового хлопка,Одежда,Шорты,958,21532
102,2024-04-21,100001,58,1,40,1755,69,6,21,1230,1999,Удлиненные шорты из смесового хлопка,Одежда,Шорты,900,44602
103,2024-04-22,100001,22,0,15,675,27,3,22,1230,1999,Удлиненные шорты из смесового хлопка,Одежда,Шорты,878,16918
104,2024-04-23,100001,13,0,9,405,15,1,23,1230,1999,Удлиненные шорты из смесового хлопка,Одежда,Шорты,865,9997
105,2024-04-24,100001,24,0,16,720,28,3,24,1230,1999,Удлиненные шорты из смесового хлопка,Одежда,Шорты,841,18456
106,2024-04-25,100001,55,1,38,1665,66,6,25,1230,1999,Удлиненные шорты из смесового хлопка,Одежда,Шорты,786,42295
107,2024-04-26,100001,21,0,14,630,24,2,26,1230,1999,Удлиненные шорты из смесового хлопка,Одежда,Шорты,765,16149
108,2024-04-27,100001,30,1,21,900,36,3,27,1230,1999,Удлиненные шорты из смесового хлопка,Одежда,Шорты,735,23070
109,2024-04-28,100001,69,2,48,2070,82,7,28,1230,1999,Удлиненные шорты из смесового хлопка,Одежда,Шорты,666,53061
110,2024-04-29,100001,25,0,17,765,30,3,29,1230,1999,Удлиненные шорты из смесового хлопка,Одежда,Шорты,641,19225
111,2024-04-30,100001,0,0,0,0,0,0,30,1230,1999,Удлиненные шорты из смесового хлопка,Одежда,Шорты,641,0
112,2024-01-10,100002,0,0,0,0,0,0,10,1678,1999,Льняная рубашка с вышивкой,Одежда,Рубашки | Блузы,3000,0
113,2024-01-11,100002,55,2,57,1650,66,9,11,1678,1999,Льняная рубашка с вышивкой,Одежда,Рубашки | Блузы,2945,17655
114,2024-01-12,100002,20,1,21,600,24,3,12,1678,1999,Льняная рубашка с вышивкой,Одежда,Рубашки | Блузы,2925,6420
115,2024-01-13,100002,19,0,19,570,22,3,13,1678,1999,Льняная рубашка с вышивкой,Одежда,Рубашки | Блузы,2906,6099
116,2024-01-14,100002,50,2,52,1500,60,8,14,1678,1999,Льняная рубашка с вышивкой,Одежда,Рубашки | Блузы,2856,16050
117,2024-01-15,100002,5,0,5,150,6,1,15,1678,1999,Льняная рубашка с вышивкой,Одежда,Рубашки | Блузы,2851,1605
118,2024-01-16,100002,4,0,4,120,4,0,16,1678,1999,Льняная рубашка с вышивкой,Одежда,Рубашки | Блузы,2847,1284
119,2024-01-17,100002,16,0,16,480,19,3,17,1678,1999,Льняная рубашка с вышивкой,Одежда,Рубашки | Блузы,2831,5136
120,2024-01-18,100002,49,2,51,1470,58,7,18,1678,1999,Льняная рубашка с вышивкой,Одежда,Рубашки | Блузы,2782,15729
121,2024-01-19,100002,14,0,14,420,16,2,19,1678,1999,Льняная рубашка с вышивкой,Одежда,Рубашки | Блузы,2768,4494
122,2024-01-20,100002,11,0,11,330,13,2,20,1678,1999,Льняная рубашка с вышивкой,Одежда,Рубашки | Блузы,2757,3531
123,2024-01-21,100002,48,2,50,1440,57,7,21,1678,1999,Льняная рубашка с вышивкой,Одежда,Рубашки | Блузы,2709,15408
124,2024-01-22,100002,3,0,3,90,3,0,22,1678,1999,Льняная рубашка с вышивкой,Одежда,Рубашки | Блузы,2706,963
125,2024-01-23,100002,10,0,10,300,12,2,23,1678,1999,Льняная рубашка с вышивкой,Одежда,Рубашки | Блузы,2696,3210
126,2024-01-24,100002,20,1,21,600,24,3,24,1678,1999,Льняная рубашка с вышивкой,Одежда,Рубашки | Блузы,2676,6420
127,2024-01-25,100002,44,2,46,1320,52,6,25,1678,1999,Льняная рубашка с вышивкой,Одежда,Рубашки | Блузы,2632,14124
128,2024-01-26,100002,8,0,8,240,9,1,26,1678,1999,Льняная рубашка с вышивкой,Одежда,Рубашки | Блузы,2624,2568
129,2024-01-27,100002,14,0,14,420,16,2,27,1678,1999,Льняная рубашка с вышивкой,Одежда,Рубашки | Блузы,2610,4494
130,2024-01-28,100002,34,1,35,1020,40,5,28,1678,1999,Льняная рубашка с вышивкой,Одежда,Рубашки | Блузы,2576,10914
131,2024-01-29,100002,16,0,16,480,19,3,29,1678,1999,Льняная рубашка с вышивкой,Одежда,Рубашки | Блузы,2560,5136
132,2024-01-30,100002,14,0,14,420,16,2,30,1678,1999,Льняная рубашка с вышивкой,Одежда,Рубашки | Блузы,2546,4494
133,2024-01-31,100002,12,0,12,360,14,2,31,1678,1999,Льняная рубашка с вышивкой,Одежда,Рубашки | Блузы,2534,3852
134,2024-02-01,100002,38,1,39,1140,45,6,1,1678,1999,Льняная рубашка с вышивкой,Одежда,Рубашки | Блузы,2496,12198
135,2024-02-02,100002,2,0,2,60,2,0,2,1678,1999,Льняная рубашка с вышивкой,Одежда,Рубашки | Блузы,2494,642
136,2024-02-03,100002,10,0,10,300,12,2,3,1678,1999,Льняная рубашка с вышивкой,Одежда,Рубашки | Блузы,2484,3210
137,2024-02-04,100002,49,2,51,1470,58,7,4,1678,1999,Льняная рубашка с вышивкой,Одежда,Рубашки | Блузы,2435,15729
138,2024-02-05,100002,2,0,2,60,2,0,5,1678,1999,Льняная рубашка с вышивкой,Одежда,Рубашки | Блузы,2433,642
139,2024-02-06,100002,4,0,4,120,4,0,6,1678,1999,Льняная рубашка с вышивкой,Одежда,Рубашки | Блузы,2429,1284
140,2024-02-07,100002,6,0,6,180,7,1,7,1678,1999,Льняная рубашка с вышивкой,Одежда,Рубашки | Блузы,2423,1926
141,2024-02-08,100002,43,2,45,1290,51,6,8,1678,1999,Льняная рубашка с вышивкой,Одежда,Рубашки | Блузы,2380,13803
142,2024-02-09,100002,11,0,11,330,13,2,9,1678,1999,Льняная рубашка с вышивкой,Одежда,Рубашки | Блузы,2369,3531
143,2024-02-10,100002,1,0,1,30,1,0,10,1678,1999,Льняная рубашка с вышивкой,Одежда,Рубашки | Блузы,2368,321
144,2024-02-11,100002,50,2,52,1500,60,8,11,1678,1999,Льняная рубашка с вышивкой,Одежда,Рубашки | Блузы,2318,16050
145,2024-02-12,100002,19,0,19,570,22,3,12,1678,1999,Льняная рубашка с вышивкой,Одежда,Рубашки | Блузы,2299,6099
146,2024-02-13,100002,2,0,2,60,2,0,13,1678,1999,Льняная рубашка с вышивкой,Одежда,Рубашки | Блузы,2297,642
147,2024-02-14,100002,18,0,18,540,21,3,14,1678,1999,Льняная рубашка с вышивкой,Одежда,Рубашки | Блузы,2279,5778
148,2024-02-15,100002,51,2,53,1530,61,8,15,1678,1999,Льняная рубашка с вышивкой,Одежда,Рубашки | Блузы,2228,16371
149,2024-02-16,100002,2,0,2,60,2,0,16,1678,1999,Льняная рубашка с вышивкой,Одежда,Рубашки | Блузы,2226,642
150,2024-02-17,100002,9,0,9,270,10,1,17,1678,1999,Льняная рубашка с вышивкой,Одежда,Рубашки | Блузы,2217,2889
151,2024-02-18,100002,52,2,54,1560,62,8,18,1678,1999,Льняная рубашка с вышивкой,Одежда,Рубашки | Блузы,2165,16692
152,2024-02-19,100002,8,0,8,240,9,1,19,1678,1999,Льняная рубашка с вышивкой,Одежда,Рубашки | Блузы,2157,2568
153,2024-02-20,100002,11,0,11,330,13,2,20,1678,1999,Льняная рубашка с вышивкой,Одежда,Рубашки | Блузы,2146,3531
154,2024-02-21,100002,6,0,6,180,7,1,21,1678,1999,Льняная рубашка с вышивкой,Одежда,Рубашки | Блузы,2140,1926
155,2024-02-22,100002,36,1,37,1080,43,6,22,1678,1999,Льняная рубашка с вышивкой,Одежда,Рубашки | Блузы,2104,11556
156,2024-02-23,100002,0,0,0,0,0,0,23,1678,1999,Льняная рубашка с вышивкой,Одежда,Рубашки | Блузы,2104,0
157,2024-02-24,100002,0,0,0,0,0,0,24,1678,1999,Льняная рубашка с вышивкой,Одежда,Рубашки | Блузы,2104,0
158,2024-02-25,100002,45,2,47,1350,54,7,25,1678,1999,Льняная рубашка с вышивкой,Одежда,Рубашки | Блузы,2059,14445
159,2024-02-26,100002,15,0,15,450,18,3,26,1678,1999,Льняная рубашка с вышивкой,Одежда,Рубашки | Блузы,2044,4815
160,2024-02-27,100002,17,0,17,510,20,3,27,1678,1999,Льняная рубашка с вышивкой,Одежда,Рубашки | Блузы,2027,5457
161,2024-02-28,100002,5,0,5,150,6,1,28,1678,1999,Льняная рубашка с вышивкой,Одежда,Рубашки | Блузы,2022,1605
162,2024-02-29,100002,51,2,53,1530,61,8,29,1678,1999,Льняная рубашка с вышивкой,Одежда,Рубашки | Блузы,1971,16371
163,2024-03-01,100002,20,1,21,600,24,3,1,1678,1999,Льняная рубашка с вышивкой,Одежда,Рубашки | Блузы,1951,6420
164,2024-03-02,100002,11,0,11,330,13,2,2,1678,1999,Льняная рубашка с вышивкой,Одежда,Рубашки | Блузы,1940,3531
165,2024-03-03,100002,36,1,37,1080,43,6,3,1678,1999,Льняная рубашка с вышивкой,Одежда,Рубашки | Блузы,1904,11556
166,2024-03-04,100002,3,0,3,90,3,0,4,1678,1999,Льняная рубашка с вышивкой,Одежда,Рубашки | Блузы,1901,963
167,2024-03-05,100002,17,0,17,510,20,3,5,1678,1999,Льняная рубашка с вышивкой,Одежда,Рубашки | Блузы,1884,5457
168,2024-03-06,100002,14,0,14,420,16,2,6,1678,1999,Льняная рубашка с вышивкой,Одежда,Рубашки | Блузы,1870,4494
169,2024-03-07,100002,44,2,46,1320,52,6,7,1678,1999,Льняная рубашка с вышивкой,Одежда,Рубашки | Блузы,1826,14124
170,2024-03-08,100002,18,0,18,540,21,3,8,1678,1999,Льняная рубашка с вышивкой,Одежда,Рубашки | Блузы,1808,5778
171,2024-03-09,100002,20,1,21,600,24,3,9,1678,1999,Льняная рубашка с вышивкой,Одежда,Рубашки | Блузы,1788,6420
172,2024-03-10,100002,43,2,45,1290,51,6,10,1678,1999,Льняная рубашка с вышивкой,Одежда,Рубашки | Блузы,1745,13803
173,2024-03-11,100002,15,0,15,450,18,3,11,1678,2499,Льняная рубашка с вышивкой,Одежда,Рубашки | Блузы,1730,12315
174,2024-03-12,100002,3,0,3,90,3,0,12,1678,2499,Льняная рубашка с вышивкой,Одежда,Рубашки | Блузы,1727,2463
175,2024-03-13,100002,0,0,0,0,0,0,13,1678,2499,Льняная рубашка с вышивкой,Одежда,Рубашки | Блузы,1727,0
176,2024-03-14,100002,51,2,53,1530,61,8,14,1678,2499,Льняная рубашка с вышивкой,Одежда,Рубашки | Блузы,1676,41871
177,2024-03-15,100002,1,0,1,30,1,0,15,1678,2499,Льняная рубашка с вышивкой,Одежда,Рубашки | Блузы,1675,821
178,2024-03-16,100002,10,0,10,300,12,2,16,1678,2499,Льняная рубашка с вышивкой,Одежда,Рубашки | Блузы,1665,8210
179,2024-03-17,100002,43,2,45,1290,51,6,17,1678,2499,Льняная рубашка с вышивкой,Одежда,Рубашки | Блузы,1622,35303
180,2024-03-18,100002,12,0,12,360,14,2,18,1678,2499,Льняная рубашка с вышивкой,Одежда,Рубашки | Блузы,1610,9852
181,2024-03-19,100002,18,0,18,540,21,3,19,1678,2499,Льняная рубашка с вышивкой,Одежда,Рубашки | Блузы,1592,14778
182,2024-03-20,100002,20,1,21,600,24,3,20,1678,2499,Льняная рубашка с вышивкой,Одежда,Рубашки | Блузы,1572,16420
183,2024-03-21,100002,31,1,32,930,37,5,21,1678,2499,Льняная рубашка с вышивкой,Одежда,Рубашки | Блузы,1541,25451
184,2024-03-22,100002,15,0,15,450,18,3,22,1678,2499,Льняная рубашка с вышивкой,Одежда,Рубашки | Блузы,1526,12315
185,2024-03-23,100002,17,0,17,510,20,3,23,1678,2499,Льняная рубашка с вышивкой,Одежда,Рубашки | Блузы,1509,13957
186,2024-03-24,100002,41,2,43,1230,49,6,24,1678,2499,Льняная рубашка с вышивкой,Одежда,Рубашки | Блузы,1468,33661
187,2024-03-25,100002,5,0,5,150,6,1,25,1678,2499,Льняная рубашка с вышивкой,Одежда,Рубашки | Блузы,1463,4105
188,2024-03-26,100002,17,0,17,510,20,3,26,1678,2499,Льняная рубашка с вышивкой,Одежда,Рубашки | Блузы,1446,13957
189,2024-03-27,100002,7,0,7,210,8,1,27,1678,2499,Льняная рубашка с вышивкой,Одежда,Рубашки | Блузы,1439,5747
190,2024-03-28,100002,38,1,39,1140,45,6,28,1678,2499,Льняная рубашка с вышивкой,Одежда,Рубашки | Блузы,1401,31198
191,2024-03-29,100002,4,0,4,120,4,0,29,1678,2499,Льняная рубашка с вышивкой,Одежда,Рубашки | Блузы,1397,3284
192,2024-03-30,100002,7,0,7,210,8,1,30,1678,2499,Льняная рубашка с вышивкой,Одежда,Рубашки | Блузы,1390,5747
193,2024-03-31,100002,52,2,54,1560,62,8,31,1678,2499,Льняная рубашка с вышивкой,Одежда,Рубашки | Блузы,1338,42692
194,2024-04-01,100002,2,0,2,60,2,0,1,1678,2499,Льняная рубашка с вышивкой,Одежда,Рубашки | Блузы,1336,1642
195,2024-04-02,100002,5,0,5,150,6,1,2,1678,2499,Льняная рубашка с вышивкой,Одежда,Рубашки | Блузы,1331,4105
196,2024-04-03,100002,19,0,19,570,22,3,3,1678,2499,Льняная рубашка с вышивкой,Одежда,Рубашки | Блузы,1312,15599
197,2024-04-04,100002,38,1,39,1140,45,6,4,1678,2499,Льняная рубашка с вышивкой,Одежда,Рубашки | Блузы,1274,31198
198,2024-04-05,100002,22,0,15,675,27,3,5,1678,2499,Льняная рубашка с вышивкой,Одежда,Рубашки | Блузы,1252,18062
199,2024-04-06,100002,0,0,0,0,0,0,6,1678,2499,Льняная рубашка с вышивкой,Одежда,Рубашки | Блузы,1252,0
200,2024-04-07,100002,70,2,49,2115,84,7,7,1678,2499,Льняная рубашка с вышивкой,Одежда,Рубашки | Блузы,1182,57470
201,2024-04-08,100002,28,0,19,855,33,3,8,1678,2499,Льняная рубашка с вышивкой,Одежда,Рубашки | Блузы,1154,22988
202,2024-04-09,100002,6,0,4,180,6,0,9,1678,2499,Льняная рубашка с вышивкой,Одежда,Рубашки | Блузы,1148,4926
203,2024-04-10,100002,13,0,9,405,15,1,10,1678,2690,Льняная рубашка с вышивкой,Одежда,Рубашки | Блузы,1135,13156
204,2024-04-11,100002,79,2,55,2385,94,8,11,1678,2690,Льняная рубашка с вышивкой,Одежда,Рубашки | Блузы,1056,79948
205,2024-04-12,100002,9,0,6,270,10,1,12,1678,2690,Льняная рубашка с вышивкой,Одежда,Рубашки | Блузы,1047,9108
206,2024-04-13,100002,19,0,13,585,22,2,13,1678,2690,Льняная рубашка с вышивкой,Одежда,Рубашки | Блузы,1028,19228
207,2024-04-14,100002,73,2,51,2205,87,7,14,1678,2690,Льняная рубашка с вышивкой,Одежда,Рубашки | Блузы,955,73876
208,2024-04-15,100002,21,0,14,630,24,2,15,1678,2690,Льняная рубашка с вышивкой,Одежда,Рубашки | Блузы,934,21252
209,2024-04-16,100002,21,0,14,630,24,2,16,1678,2690,Льняная рубашка с вышивкой,Одежда,Рубашки | Блузы,913,21252
210,2024-04-17,100002,19,0,13,585,22,2,17,1678,2690,Льняная рубашка с вышивкой,Одежда,Рубашки | Блузы,894,19228
211,2024-04-18,100002,78,2,54,2340,93,8,18,1678,2690,Льняная рубашка с вышивкой,Одежда,Рубашки | Блузы,816,78936
212,2024-04-19,100002,22,0,15,675,27,3,19,1678,2690,Льняная рубашка с вышивкой,Одежда,Рубашки | Блузы,794,22264
213,2024-04-20,100002,22,0,15,675,27,3,20,1678,2690,Льняная рубашка с вышивкой,Одежда,Рубашки | Блузы,772,22264
214,2024-04-21,100002,48,1,33,1440,57,5,21,1678,2690,Льняная рубашка с вышивкой,Одежда,Рубашки | Блузы,724,48576
215,2024-04-22,100002,25,0,17,765,30,3,22,1678,2690,Льняная рубашка с вышивкой,Одежда,Рубашки | Блузы,699,25300
216,2024-04-23,100002,6,0,4,180,6,0,23,1678,2690,Льняная рубашка с вышивкой,Одежда,Рубашки | Блузы,693,6072
217,2024-04-24,100002,24,0,16,720,28,3,24,1678,2690,Льняная рубашка с вышивкой,Одежда,Рубашки | Блузы,669,24288
218,2024-04-25,100002,54,1,37,1620,64,6,25,1678,2690,Льняная рубашка с вышивкой,Одежда,Рубашки | Блузы,615,54648
219,2024-04-26,100002,6,0,4,180,6,0,26,1678,2690,Льняная рубашка с вышивкой,Одежда,Рубашки | Блузы,609,6072
220,2024-04-27,100002,24,0,16,720,28,3,27,1678,2690,Льняная рубашка с вышивкой,Одежда,Рубашки | Блузы,585,24288
221,2024-04-28,100002,63,2,44,1890,75,6,28,1678,2690,Льняная рубашка с вышивкой,Одежда,Рубашки | Блузы,522,63756
222,2024-04-29,100002,27,0,18,810,31,3,29,1678,2690,Льняная рубашка с вышивкой,Одежда,Рубашки | Блузы,495,27324
223,2024-04-30,100002,12,0,8,360,13,1,30,1678,2690,Льняная рубашка с вышивкой,Одежда,Рубашки | Блузы,483,12144
224,2024-01-10,100003,35,1,36,1050,42,6,10,1543,2399,Объемная блуза с драпировкой,Одежда,Рубашки | Блузы,2965,29960
225,2024-01-11,100003,15,0,15,450,18,3,11,1543,2399,Объемная блуза с драпировкой,Одежда,Рубашки | Блузы,2950,12840
226,2024-01-12,100003,21,1,22,630,25,3,12,1543,2399,Объемная блуза с драпировкой,Одежда,Рубашки | Блузы,2929,17976
227,2024-01-13,100003,8,0,8,240,9,1,13,1543,2399,Объемная блуза с драпировкой,Одежда,Рубашки | Блузы,2921,6848
228,2024-01-14,100003,8,0,8,240,9,1,14,1543,2399,Объемная блуза с драпировкой,Одежда,Рубашки | Блузы,2913,6848
229,2024-01-15,100003,11,0,11,330,13,2,15,1543,2399,Объемная блуза с драпировкой,Одежда,Рубашки | Блузы,2902,9416
230,2024-01-16,100003,5,0,5,150,6,1,16,1543,2399,Объемная блуза с драпировкой,Одежда,Рубашки | Блузы,2897,4280
231,2024-01-17,100003,20,1,21,600,24,3,17,1543,2399,Объемная блуза с драпировкой,Одежда,Рубашки | Блузы,2877,17120
232,2024-01-18,100003,13,0,13,390,15,2,18,1543,2399,Объемная блуза с драпировкой,Одежда,Рубашки | Блузы,2864,11128
233,2024-01-19,100003,35,1,36,1050,42,6,19,1543,2399,Объемная блуза с драпировкой,Одежда,Рубашки | Блузы,2829,29960
234,2024-01-20,100003,10,0,10,300,12,2,20,1543,2399,Объемная блуза с драпировкой,Одежда,Рубашки | Блузы,2819,8560
235,2024-01-21,100003,13,0,13,390,15,2,21,1543,2399,Объемная блуза с драпировкой,Одежда,Рубашки | Блузы,2806,11128
236,2024-01-22,100003,5,0,5,150,6,1,22,1543,2399,Объемная блуза с драпировкой,Одежда,Рубашки | Блузы,2801,4280
237,2024-01-23,100003,15,0,15,450,18,3,23,1543,2399,Объемная блуза с драпировкой,Одежда,Рубашки | Блузы,2786,12840
238,2024-01-24,100003,28,1,29,840,33,4,24,1543,2399,Объемная блуза с драпировкой,Одежда,Рубашки | Блузы,2758,23968
239,2024-01-25,100003,14,0,14,420,16,2,25,1543,2399,Объемная блуза с драпировкой,Одежда,Рубашки | Блузы,2744,11984
240,2024-01-26,100003,27,1,28,810,32,4,26,1543,2399,Объемная блуза с драпировкой,Одежда,Рубашки | Блузы,2717,23112
241,2024-01-27,100003,8,0,8,240,9,1,27,1543,2399,Объемная блуза с драпировкой,Одежда,Рубашки | Блузы,2709,6848
242,2024-01-28,100003,11,0,11,330,13,2,28,1543,2399,Объемная блуза с драпировкой,Одежда,Рубашки | Блузы,2698,9416
243,2024-01-29,100003,3,0,3,90,3,0,29,1543,2399,Объемная блуза с драпировкой,Одежда,Рубашки | Блузы,2695,2568
244,2024-01-30,100003,0,0,0,0,0,0,30,1543,2399,Объемная блуза с драпировкой,Одежда,Рубашки | Блузы,2695,0
245,2024-01-31,100003,28,1,29,840,33,4,31,1543,2399,Объемная блуза с драпировкой,Одежда,Рубашки | Блузы,2667,23968
246,2024-02-01,100003,11,0,11,330,13,2,1,1543,2399,Объемная блуза с драпировкой,Одежда,Рубашки | Блузы,2656,9416
247,2024-02-02,100003,27,1,28,810,32,4,2,1543,2399,Объемная блуза с драпировкой,Одежда,Рубашки | Блузы,2629,23112
248,2024-02-03,100003,1,0,1,30,1,0,3,1543,2399,Объемная блуза с драпировкой,Одежда,Рубашки | Блузы,2628,856
249,2024-02-04,100003,6,0,6,180,7,1,4,1543,2399,Объемная блуза с драпировкой,Одежда,Рубашки | Блузы,2622,5136
250,2024-02-05,100003,8,0,8,240,9,1,5,1543,2399,Объемная блуза с драпировкой,Одежда,Рубашки | Блузы,2614,6848
251,2024-02-06,100003,6,0,6,180,7,1,6,1543,2399,Объемная блуза с драпировкой,Одежда,Рубашки | Блузы,2608,5136
252,2024-02-07,100003,24,1,25,720,28,3,7,1543,2399,Объемная блуза с драпировкой,Одежда,Рубашки | Блузы,2584,20544
253,2024-02-08,100003,5,0,5,150,6,1,8,1543,2399,Объемная блуза с драпировкой,Одежда,Рубашки | Блузы,2579,4280
254,2024-02-09,100003,33,1,34,990,39,5,9,1543,2399,Объемная блуза с драпировкой,Одежда,Рубашки | Блузы,2546,28248
255,2024-02-10,100003,12,0,12,360,14,2,10,1543,2399,Объемная блуза с драпировкой,Одежда,Рубашки | Блузы,2534,10272
256,2024-02-11,100003,6,0,6,180,7,1,11,1543,2399,Объемная блуза с драпировкой,Одежда,Рубашки | Блузы,2528,5136
257,2024-02-12,100003,10,0,10,300,12,2,12,1543,2399,Объемная блуза с драпировкой,Одежда,Рубашки | Блузы,2518,8560
258,2024-02-13,100003,4,0,4,120,4,0,13,1543,2399,Объемная блуза с драпировкой,Одежда,Рубашки | Блузы,2514,3424
259,2024-02-14,100003,25,1,26,750,30,4,14,1543,2399,Объемная блуза с драпировкой,Одежда,Рубашки | Блузы,2489,21400
260,2024-02-15,100003,15,0,15,450,18,3,15,1543,2399,Объемная блуза с драпировкой,Одежда,Рубашки | Блузы,2474,12840
261,2024-02-16,100003,33,1,34,990,39,5,16,1543,2399,Объемная блуза с драпировкой,Одежда,Рубашки | Блузы,2441,28248
262,2024-02-17,100003,4,0,4,120,4,0,17,1543,2399,Объемная блуза с драпировкой,Одежда,Рубашки | Блузы,2437,3424
263,2024-02-18,100003,0,0,0,0,0,0,18,1543,2399,Объемная блуза с драпировкой,Одежда,Рубашки | Блузы,2437,0
264,2024-02-19,100003,9,0,9,270,10,1,19,1543,2399,Объемная блуза с драпировкой,Одежда,Рубашки | Блузы,2428,7704
265,2024-02-20,100003,0,0,0,0,0,0,20,1543,2399,Объемная блуза с драпировкой,Одежда,Рубашки | Блузы,2428,0
266,2024-02-21,100003,28,1,29,840,33,4,21,1543,2399,Объемная блуза с драпировкой,Одежда,Рубашки | Блузы,2400,23968
267,2024-02-22,100003,10,0,10,300,12,2,22,1543,2399,Объемная блуза с драпировкой,Одежда,Рубашки | Блузы,2390,8560
268,2024-02-23,100003,20,1,21,600,24,3,23,1543,2399,Объемная блуза с драпировкой,Одежда,Рубашки | Блузы,2370,17120
269,2024-02-24,100003,7,0,7,210,8,1,24,1543,2399,Объемная блуза с драпировкой,Одежда,Рубашки | Блузы,2363,5992
270,2024-02-25,100003,9,0,9,270,10,1,25,1543,2399,Объемная блуза с драпировкой,Одежда,Рубашки | Блузы,2354,7704
271,2024-02-26,100003,7,0,7,210,8,1,26,1543,2399,Объемная блуза с драпировкой,Одежда,Рубашки | Блузы,2347,5992
272,2024-02-27,100003,4,0,4,120,4,0,27,1543,2399,Объемная блуза с драпировкой,Одежда,Рубашки | Блузы,2343,3424
273,2024-02-28,100003,30,1,31,900,36,5,28,1543,2399,Объемная блуза с драпировкой,Одежда,Рубашки | Блузы,2313,25680
274,2024-02-29,100003,5,0,5,150,6,1,29,1543,2399,Объемная блуза с драпировкой,Одежда,Рубашки | Блузы,2308,4280
275,2024-03-01,100003,34,1,35,1020,40,5,1,1543,2399,Объемная блуза с драпировкой,Одежда,Рубашки | Блузы,2274,29104
276,2024-03-02,100003,7,0,7,210,8,1,2,1543,2399,Объемная блуза с драпировкой,Одежда,Рубашки | Блузы,2267,5992
277,2024-03-03,100003,2,0,2,60,2,0,3,1543,2399,Объемная блуза с драпировкой,Одежда,Рубашки | Блузы,2265,1712
278,2024-03-04,100003,2,0,2,60,2,0,4,1543,2399,Объемная блуза с драпировкой,Одежда,Рубашки | Блузы,2263,1712
279,2024-03-05,100003,7,0,7,210,8,1,5,1543,2399,Объемная блуза с драпировкой,Одежда,Рубашки | Блузы,2256,5992
280,2024-03-06,100003,33,1,34,990,39,5,6,1543,2399,Объемная блуза с драпировкой,Одежда,Рубашки | Блузы,2223,28248
281,2024-03-07,100003,5,0,5,150,6,1,7,1543,2399,Объемная блуза с драпировкой,Одежда,Рубашки | Блузы,2218,4280
282,2024-03-08,100003,36,1,37,1080,43,6,8,1543,2399,Объемная блуза с драпировкой,Одежда,Рубашки | Блузы,2182,30816
283,2024-03-09,100003,2,0,2,60,2,0,9,1543,2399,Объемная блуза с драпировкой,Одежда,Рубашки | Блузы,2180,1712
284,2024-03-10,100003,14,0,14,420,16,2,10,1543,2399,Объемная блуза с драпировкой,Одежда,Рубашки | Блузы,2166,11984
285,2024-03-11,100003,1,0,1,30,1,0,11,1543,2399,Объемная блуза с драпировкой,Одежда,Рубашки | Блузы,2165,856
286,2024-03-12,100003,3,0,3,90,3,0,12,1543,2399,Объемная блуза с драпировкой,Одежда,Рубашки | Блузы,2162,2568
287,2024-03-13,100003,30,1,31,900,36,5,13,1543,2399,Объемная блуза с драпировкой,Одежда,Рубашки | Блузы,2132,25680
288,2024-03-14,100003,3,0,3,90,3,0,14,1543,2399,Объемная блуза с драпировкой,Одежда,Рубашки | Блузы,2129,2568
289,2024-03-15,100003,28,1,29,840,33,4,15,1543,2399,Объемная блуза с драпировкой,Одежда,Рубашки | Блузы,2101,23968
290,2024-03-16,100003,11,0,11,330,13,2,16,1543,2399,Объемная блуза с драпировкой,Одежда,Рубашки | Блузы,2090,9416
291,2024-03-17,100003,3,0,3,90,3,0,17,1543,2399,Объемная блуза с драпировкой,Одежда,Рубашки | Блузы,2087,2568
292,2024-03-18,100003,5,0,5,150,6,1,18,1543,2399,Объемная блуза с драпировкой,Одежда,Рубашки | Блузы,2082,4280
293,2024-03-19,100003,4,0,4,120,4,0,19,1543,2399,Объемная блуза с драпировкой,Одежда,Рубашки | Блузы,2078,3424
294,2024-03-20,100003,25,1,26,750,30,4,20,1543,2399,Объемная блуза с драпировкой,Одежда,Рубашки | Блузы,2053,21400
295,2024-03-21,100003,2,0,2,60,2,0,21,1543,2399,Объемная блуза с драпировкой,Одежда,Рубашки | Блузы,2051,1712
296,2024-03-22,100003,20,1,21,600,24,3,22,1543,2399,Объемная блуза с драпировкой,Одежда,Рубашки | Блузы,2031,17120
297,2024-03-23,100003,12,0,12,360,14,2,23,1543,2399,Объемная блуза с драпировкой,Одежда,Рубашки | Блузы,2019,10272
298,2024-03-24,100003,11,0,11,330,13,2,24,1543,2399,Объемная блуза с драпировкой,Одежда,Рубашки | Блузы,2008,9416
299,2024-03-25,100003,0,0,0,0,0,0,25,1543,2399,Объемная блуза с драпировкой,Одежда,Рубашки | Блузы,2008,0
300,2024-03-26,100003,4,0,4,120,4,0,26,1543,2399,Объемная блуза с драпировкой,Одежда,Рубашки | Блузы,2004,3424
301,2024-03-27,100003,25,1,26,750,30,4,27,1543,2399,Объемная блуза с драпировкой,Одежда,Рубашки | Блузы,1979,21400
302,2024-03-28,100003,2,0,2,60,2,0,28,1543,2399,Объемная блуза с драпировкой,Одежда,Рубашки | Блузы,1977,1712
303,2024-03-29,100003,34,1,35,1020,40,5,29,1543,2399,Объемная блуза с драпировкой,Одежда,Рубашки | Блузы,1943,29104
304,2024-03-30,100003,0,0,0,0,0,0,30,1543,2399,Объемная блуза с драпировкой,Одежда,Рубашки | Блузы,1943,0
305,2024-03-31,100003,5,0,5,150,6,1,31,1543,2399,Объемная блуза с драпировкой,Одежда,Рубашки | Блузы,1938,4280
306,2024-04-01,100003,15,0,15,450,18,3,1,1543,2399,Объемная блуза с драпировкой,Одежда,Рубашки | Блузы,1923,12840
307,2024-04-02,100003,2,0,2,60,2,0,2,1543,2399,Объемная блуза с драпировкой,Одежда,Рубашки | Блузы,1921,1712
308,2024-04-03,100003,20,1,21,600,24,3,3,1543,2399,Объемная блуза с драпировкой,Одежда,Рубашки | Блузы,1901,17120
309,2024-04-04,100003,11,0,11,330,13,2,4,1543,2399,Объемная блуза с драпировкой,Одежда,Рубашки | Блузы,1890,9416
310,2024-04-05,100003,26,1,27,780,31,4,5,1543,2399,Объемная блуза с драпировкой,Одежда,Рубашки | Блузы,1864,22256
311,2024-04-06,100003,3,0,3,90,3,0,6,1543,2399,Объемная блуза с драпировкой,Одежда,Рубашки | Блузы,1861,2568
312,2024-04-07,100003,6,0,6,180,7,1,7,1543,2399,Объемная блуза с драпировкой,Одежда,Рубашки | Блузы,1855,5136
313,2024-04-08,100003,1,0,1,30,1,0,8,1543,2399,Объемная блуза с драпировкой,Одежда,Рубашки | Блузы,1854,856
314,2024-04-09,100003,10,0,10,300,12,2,9,1543,2399,Объемная блуза с драпировкой,Одежда,Рубашки | Блузы,1844,8560
315,2024-04-10,100003,24,1,25,720,28,3,10,1543,2399,Объемная блуза с драпировкой,Одежда,Рубашки | Блузы,1820,20544
316,2024-04-11,100003,3,0,3,90,3,0,11,1543,2399,Объемная блуза с драпировкой,Одежда,Рубашки | Блузы,1817,2568
317,2024-04-12,100003,25,1,26,750,30,4,12,1543,2399,Объемная блуза с драпировкой,Одежда,Рубашки | Блузы,1792,21400
318,2024-04-13,100003,5,0,5,150,6,1,13,1543,2399,Объемная блуза с драпировкой,Одежда,Рубашки | Блузы,1787,4280
319,2024-04-14,100003,4,0,4,120,4,0,14,1543,2399,Объемная блуза с драпировкой,Одежда,Рубашки | Блузы,1783,3424
320,2024-04-15,100003,3,0,3,90,3,0,15,1543,2399,Объемная блуза с драпировкой,Одежда,Рубашки | Блузы,1780,2568
321,2024-04-16,100003,11,0,11,330,13,2,16,1543,2399,Объемная блуза с драпировкой,Одежда,Рубашки | Блузы,1769,9416
322,2024-04-17,100003,34,1,35,1020,40,5,17,1543,2399,Объемная блуза с драпировкой,Одежда,Рубашки | Блузы,1735,29104
323,2024-04-18,100003,9,0,9,270,10,1,18,1543,2399,Объемная блуза с драпировкой,Одежда,Рубашки | Блузы,1726,7704
324,2024-04-19,100003,36,1,37,1080,43,6,19,1543,2399,Объемная блуза с драпировкой,Одежда,Рубашки | Блузы,1690,30816
325,2024-04-20,100003,6,0,6,180,7,1,20,1543,2399,Объемная блуза с драпировкой,Одежда,Рубашки | Блузы,1684,5136
326,2024-04-21,100003,1,0,1,30,1,0,21,1543,2399,Объемная блуза с драпировкой,Одежда,Рубашки | Блузы,1683,856
327,2024-04-22,100003,14,0,14,420,16,2,22,1543,2399,Объемная блуза с драпировкой,Одежда,Рубашки | Блузы,1669,11984
328,2024-04-23,100003,0,0,0,0,0,0,23,1543,2399,Объемная блуза с драпировкой,Одежда,Рубашки | Блузы,1669,0
329,2024-04-24,100003,21,1,22,630,25,3,24,1543,2399,Объемная блуза с драпировкой,Одежда,Рубашки | Блузы,1648,17976
330,2024-04-25,100003,10,0,10,300,12,2,25,1543,2399,Объемная блуза с драпировкой,Одежда,Рубашки | Блузы,1638,8560
331,2024-04-26,100003,22,1,23,660,26,3,26,1543,2399,Объемная блуза с драпировкой,Одежда,Рубашки | Блузы,1616,18832
332,2024-04-27,100003,2,0,2,60,2,0,27,1543,2399,Объемная блуза с драпировкой,Одежда,Рубашки | Блузы,1614,1712
333,2024-04-28,100003,2,0,2,60,2,0,28,1543,2399,Объемная блуза с драпировкой,Одежда,Рубашки | Блузы,1612,1712
334,2024-04-29,100003,14,0,14,420,16,2,29,1543,2399,Объемная блуза с драпировкой,Одежда,Рубашки | Блузы,1598,11984
335,2024-04-30,100003,6,0,6,180,7,1,30,1543,2399,Объемная блуза с драпировкой,Одежда,Рубашки | Блузы,1592,5136
336,2024-01-10,100004,45,2,47,1350,54,7,10,2352,3799,Джинсы Relaxed fit со средней посадкой,Одежда,Деним,2955,65115
337,2024-01-11,100004,8,0,8,240,9,1,11,2352,3799,Джинсы Relaxed fit со средней посадкой,Одежда,Деним,2947,11576
338,2024-01-12,100004,48,2,50,1440,57,7,12,2352,3799,Джинсы Relaxed fit со средней посадкой,Одежда,Деним,2899,69456
339,2024-01-13,100004,12,0,12,360,14,2,13,2352,3799,Джинсы Relaxed fit со средней посадкой,Одежда,Деним,2887,17364
340,2024-01-14,100004,17,0,17,510,20,3,14,2352,3799,Джинсы Relaxed fit со средней посадкой,Одежда,Деним,2870,24599
341,2024-01-15,100004,13,0,13,390,15,2,15,2352,3799,Джинсы Relaxed fit со средней посадкой,Одежда,Деним,2857,18811
342,2024-01-16,100004,4,0,4,120,4,0,16,2352,3799,Джинсы Relaxed fit со средней посадкой,Одежда,Деним,2853,5788
343,2024-01-17,100004,46,2,48,1380,55,7,17,2352,3799,Джинсы Relaxed fit со средней посадкой,Одежда,Деним,2807,66562
344,2024-01-18,100004,13,0,13,390,15,2,18,2352,3799,Джинсы Relaxed fit со средней посадкой,Одежда,Деним,2794,18811
345,2024-01-19,100004,47,2,49,1410,56,7,19,2352,3799,Джинсы Relaxed fit со средней посадкой,Одежда,Деним,2747,68009
346,2024-01-20,100004,3,0,3,90,3,0,20,2352,3799,Джинсы Relaxed fit со средней посадкой,Одежда,Деним,2744,4341
347,2024-01-21,100004,6,0,6,180,7,1,21,2352,3799,Джинсы Relaxed fit со средней посадкой,Одежда,Деним,2738,8682
348,2024-01-22,100004,16,0,16,480,19,3,22,2352,3799,Джинсы Relaxed fit со средней посадкой,Одежда,Деним,2722,23152
349,2024-01-23,100004,7,0,7,210,8,1,23,2352,3799,Джинсы Relaxed fit со средней посадкой,Одежда,Деним,2715,10129
350,2024-01-24,100004,34,1,35,1020,40,5,24,2352,3799,Джинсы Relaxed fit со средней посадкой,Одежда,Деним,2681,49198
351,2024-01-25,100004,20,1,21,600,24,3,25,2352,3799,Джинсы Relaxed fit со средней посадкой,Одежда,Деним,2661,28940
352,2024-01-26,100004,38,1,39,1140,45,6,26,2352,3799,Джинсы Relaxed fit со средней посадкой,Одежда,Деним,2623,54986
353,2024-01-27,100004,7,0,7,210,8,1,27,2352,3799,Джинсы Relaxed fit со средней посадкой,Одежда,Деним,2616,10129
354,2024-01-28,100004,8,0,8,240,9,1,28,2352,3799,Джинсы Relaxed fit со средней посадкой,Одежда,Деним,2608,11576
355,2024-01-29,100004,8,0,8,240,9,1,29,2352,3799,Джинсы Relaxed fit со средней посадкой,Одежда,Деним,2600,11576
356,2024-01-30,100004,14,0,14,420,16,2,30,2352,3799,Джинсы Relaxed fit со средней посадкой,Одежда,Деним,2586,20258
357,2024-01-31,100004,37,1,38,1110,44,6,31,2352,3799,Джинсы Relaxed fit со средней посадкой,Одежда,Деним,2549,53539
358,2024-02-01,100004,8,0,8,240,9,1,1,2352,3799,Джинсы Relaxed fit со средней посадкой,Одежда,Деним,2541,11576
359,2024-02-02,100004,51,2,53,1530,61,8,2,2352,3799,Джинсы Relaxed fit со средней посадкой,Одежда,Деним,2490,73797
360,2024-02-03,100004,13,0,13,390,15,2,3,2352,3799,Джинсы Relaxed fit со средней посадкой,Одежда,Деним,2477,18811
361,2024-02-04,100004,15,0,15,450,18,3,4,2352,3799,Джинсы Relaxed fit со средней посадкой,Одежда,Деним,2462,21705
362,2024-02-05,100004,6,0,6,180,7,1,5,2352,3799,Джинсы Relaxed fit со средней посадкой,Одежда,Деним,2456,8682
363,2024-02-06,100004,12,0,12,360,14,2,6,2352,3799,Джинсы Relaxed fit со средней посадкой,Одежда,Деним,2444,17364
364,2024-02-07,100004,48,2,50,1440,57,7,7,2352,3799,Джинсы Relaxed fit со средней посадкой,Одежда,Деним,2396,69456
365,2024-02-08,100004,14,0,14,420,16,2,8,2352,3799,Джинсы Relaxed fit со средней посадкой,Одежда,Деним,2382,20258
366,2024-02-09,100004,43,2,45,1290,51,6,9,2352,3799,Джинсы Relaxed fit со средней посадкой,Одежда,Деним,2339,62221
367,2024-02-10,100004,0,0,0,0,0,0,10,2352,3799,Джинсы Relaxed fit со средней посадкой,Одежда,Деним,2339,0
368,2024-02-11,100004,3,0,3,90,3,0,11,2352,3799,Джинсы Relaxed fit со средней посадкой,Одежда,Деним,2336,4341
369,2024-02-12,100004,17,0,17,510,20,3,12,2352,3799,Джинсы Relaxed fit со средней посадкой,Одежда,Деним,2319,24599
370,2024-02-13,100004,11,0,11,330,13,2,13,2352,3799,Джинсы Relaxed fit со средней посадкой,Одежда,Деним,2308,15917
371,2024-02-14,100004,44,2,46,1320,52,6,14,2352,3799,Джинсы Relaxed fit со средней посадкой,Одежда,Деним,2264,63668
372,2024-02-15,100004,9,0,9,270,10,1,15,2352,3799,Джинсы Relaxed fit со средней посадкой,Одежда,Деним,2255,13023
373,2024-02-16,100004,34,1,35,1020,40,5,16,2352,3799,Джинсы Relaxed fit со средней посадкой,Одежда,Деним,2221,49198
374,2024-02-17,100004,3,0,3,90,3,0,17,2352,3799,Джинсы Relaxed fit со средней посадкой,Одежда,Деним,2218,4341
375,2024-02-18,100004,8,0,8,240,9,1,18,2352,3799,Джинсы Relaxed fit со средней посадкой,Одежда,Деним,2210,11576
376,2024-02-19,100004,3,0,3,90,3,0,19,2352,3799,Джинсы Relaxed fit со средней посадкой,Одежда,Деним,2207,4341
377,2024-02-20,100004,5,0,5,150,6,1,20,2352,3799,Джинсы Relaxed fit со средней посадкой,Одежда,Деним,2202,7235
378,2024-02-21,100004,49,2,51,1470,58,7,21,2352,3799,Джинсы Relaxed fit со средней посадкой,Одежда,Деним,2153,70903
379,2024-02-22,100004,19,0,19,570,22,3,22,2352,3799,Джинсы Relaxed fit со средней посадкой,Одежда,Деним,2134,27493
380,2024-02-23,100004,37,1,38,1110,44,6,23,2352,3799,Джинсы Relaxed fit со средней посадкой,Одежда,Деним,2097,53539
381,2024-02-24,100004,18,0,18,540,21,3,24,2352,3799,Джинсы Relaxed fit со средней посадкой,Одежда,Деним,2079,26046
382,2024-02-25,100004,5,0,5,150,6,1,25,2352,3799,Джинсы Relaxed fit со средней посадкой,Одежда,Деним,2074,7235
383,2024-02-26,100004,12,0,12,360,14,2,26,2352,3799,Джинсы Relaxed fit со средней посадкой,Одежда,Деним,2062,17364
384,2024-02-27,100004,18,0,18,540,21,3,27,2352,3799,Джинсы Relaxed fit со средней посадкой,Одежда,Деним,2044,26046
385,2024-02-28,100004,51,2,53,1530,61,8,28,2352,3799,Джинсы Relaxed fit со средней посадкой,Одежда,Деним,1993,73797
386,2024-02-29,100004,8,0,8,240,9,1,29,2352,3799,Джинсы Relaxed fit со средней посадкой,Одежда,Деним,1985,11576
387,2024-03-01,100004,50,2,52,1500,60,8,1,2352,3799,Джинсы Relaxed fit со средней посадкой,Одежда,Деним,1935,72350
388,2024-03-02,100004,16,0,16,480,19,3,2,2352,3799,Джинсы Relaxed fit со средней посадкой,Одежда,Деним,1919,23152
389,2024-03-03,100004,1,0,1,30,1,0,3,2352,3799,Джинсы Relaxed fit со средней посадкой,Одежда,Деним,1918,1447
390,2024-03-04,100004,1,0,1,30,1,0,4,2352,3799,Джинсы Relaxed fit со средней посадкой,Одежда,Деним,1917,1447
391,2024-03-05,100004,1,0,1,30,1,0,5,2352,3799,Джинсы Relaxed fit со средней посадкой,Одежда,Деним,1916,1447
392,2024-03-06,100004,36,1,37,1080,43,6,6,2352,3799,Джинсы Relaxed fit со средней посадкой,Одежда,Деним,1880,52092
393,2024-03-07,100004,16,0,16,480,19,3,7,2352,3799,Джинсы Relaxed fit со средней посадкой,Одежда,Деним,1864,23152
394,2024-03-08,100004,42,2,44,1260,50,6,8,2352,3799,Джинсы Relaxed fit со средней посадкой,Одежда,Деним,1822,60774
395,2024-03-09,100004,3,0,3,90,3,0,9,2352,3799,Джинсы Relaxed fit со средней посадкой,Одежда,Деним,1819,4341
396,2024-03-10,100004,16,0,16,480,19,3,10,2352,3799,Джинсы Relaxed fit со средней посадкой,Одежда,Деним,1803,23152
397,2024-03-11,100004,4,0,4,120,4,0,11,2352,3799,Джинсы Relaxed fit со средней посадкой,Одежда,Деним,1799,5788
398,2024-03-12,100004,9,0,9,270,10,1,12,2352,3799,Джинсы Relaxed fit со средней посадкой,Одежда,Деним,1790,13023
399,2024-03-13,100004,43,2,45,1290,51,6,13,2352,3799,Джинсы Relaxed fit со средней посадкой,Одежда,Деним,1747,62221
400,2024-03-14,100004,10,0,10,300,12,2,14,2352,3799,Джинсы Relaxed fit со средней посадкой,Одежда,Деним,1737,14470
401,2024-03-15,100004,44,2,46,1320,52,6,15,2352,3799,Джинсы Relaxed fit со средней посадкой,Одежда,Деним,1693,63668
402,2024-03-16,100004,11,0,11,330,13,2,16,2352,3799,Джинсы Relaxed fit со средней посадкой,Одежда,Деним,1682,15917
403,2024-03-17,100004,2,0,2,60,2,0,17,2352,3799,Джинсы Relaxed fit со средней посадкой,Одежда,Деним,1680,2894
404,2024-03-18,100004,11,0,11,330,13,2,18,2352,3799,Джинсы Relaxed fit со средней посадкой,Одежда,Деним,1669,15917
405,2024-03-19,100004,17,0,17,510,20,3,19,2352,3799,Джинсы Relaxed fit со средней посадкой,Одежда,Деним,1652,24599
406,2024-03-20,100004,44,2,46,1320,52,6,20,2352,3799,Джинсы Relaxed fit со средней посадкой,Одежда,Деним,1608,63668
407,2024-03-21,100004,11,0,11,330,13,2,21,2352,3799,Джинсы Relaxed fit со средней посадкой,Одежда,Деним,1597,15917
408,2024-03-22,100004,44,2,46,1320,52,6,22,2352,3799,Джинсы Relaxed fit со средней посадкой,Одежда,Деним,1553,63668
409,2024-03-23,100004,2,0,2,60,2,0,23,2352,3799,Джинсы Relaxed fit со средней посадкой,Одежда,Деним,1551,2894
410,2024-03-24,100004,8,0,8,240,9,1,24,2352,3799,Джинсы Relaxed fit со средней посадкой,Одежда,Деним,1543,11576
411,2024-03-25,100004,0,0,0,0,0,0,25,2352,3799,Джинсы Relaxed fit со средней посадкой,Одежда,Деним,1543,0
412,2024-03-26,100004,19,0,19,570,22,3,26,2352,3799,Джинсы Relaxed fit со средней посадкой,Одежда,Деним,1524,27493
413,2024-03-27,100004,52,2,54,1560,62,8,27,2352,3799,Джинсы Relaxed fit со средней посадкой,Одежда,Деним,1472,75244
414,2024-03-28,100004,17,0,17,510,20,3,28,2352,3799,Джинсы Relaxed fit со средней посадкой,Одежда,Деним,1455,24599
415,2024-03-29,100004,44,2,46,1320,52,6,29,2352,3799,Джинсы Relaxed fit со средней посадкой,Одежда,Деним,1411,63668
416,2024-03-30,100004,0,0,0,0,0,0,30,2352,3799,Джинсы Relaxed fit со средней посадкой,Одежда,Деним,1411,0
417,2024-03-31,100004,2,0,2,60,2,0,31,2352,3799,Джинсы Relaxed fit со средней посадкой,Одежда,Деним,1409,2894
418,2024-04-01,100004,10,0,10,300,12,2,1,2352,3799,Джинсы Relaxed fit со средней посадкой,Одежда,Деним,1399,14470
419,2024-04-02,100004,20,1,21,600,24,3,2,2352,3799,Джинсы Relaxed fit со средней посадкой,Одежда,Деним,1379,28940
420,2024-04-03,100004,34,1,35,1020,40,5,3,2352,3799,Джинсы Relaxed fit со средней посадкой,Одежда,Деним,1345,49198
421,2024-04-04,100004,7,0,7,210,8,1,4,2352,3799,Джинсы Relaxed fit со средней посадкой,Одежда,Деним,1338,10129
422,2024-04-05,100004,45,2,47,1350,54,7,5,2352,3799,Джинсы Relaxed fit со средней посадкой,Одежда,Деним,1293,65115
423,2024-04-06,100004,17,0,17,510,20,3,6,2352,3799,Джинсы Relaxed fit со средней посадкой,Одежда,Деним,1276,24599
424,2024-04-07,100004,14,0,14,420,16,2,7,2352,3799,Джинсы Relaxed fit со средней посадкой,Одежда,Деним,1262,20258
425,2024-04-08,100004,10,0,10,300,12,2,8,2352,3799,Джинсы Relaxed fit со средней посадкой,Одежда,Деним,1252,14470
426,2024-04-09,100004,17,0,17,510,20,3,9,2352,3799,Джинсы Relaxed fit со средней посадкой,Одежда,Деним,1235,24599
427,2024-04-10,100004,48,2,50,1440,57,7,10,2352,3799,Джинсы Relaxed fit со средней посадкой,Одежда,Деним,1187,69456
428,2024-04-11,100004,1,0,1,30,1,0,11,2352,3799,Джинсы Relaxed fit со средней посадкой,Одежда,Деним,1186,1447
429,2024-04-12,100004,35,1,36,1050,42,6,12,2352,3799,Джинсы Relaxed fit со средней посадкой,Одежда,Деним,1151,50645
430,2024-04-13,100004,17,0,17,510,20,3,13,2352,3799,Джинсы Relaxed fit со средней посадкой,Одежда,Деним,1134,24599
431,2024-04-14,100004,10,0,10,300,12,2,14,2352,3799,Джинсы Relaxed fit со средней посадкой,Одежда,Деним,1124,14470
432,2024-04-15,100004,8,0,8,240,9,1,15,2352,3799,Джинсы Relaxed fit со средней посадкой,Одежда,Деним,1116,11576
433,2024-04-16,100004,5,0,5,150,6,1,16,2352,3799,Джинсы Relaxed fit со средней посадкой,Одежда,Деним,1111,7235
434,2024-04-17,100004,42,2,44,1260,50,6,17,2352,3799,Джинсы Relaxed fit со средней посадкой,Одежда,Деним,1069,60774
435,2024-04-18,100004,20,1,21,600,24,3,18,2352,3799,Джинсы Relaxed fit со средней посадкой,Одежда,Деним,1049,28940
436,2024-04-19,100004,46,2,48,1380,55,7,19,2352,3799,Джинсы Relaxed fit со средней посадкой,Одежда,Деним,1003,66562
437,2024-04-20,100004,18,0,18,540,21,3,20,2352,3799,Джинсы Relaxed fit со средней посадкой,Одежда,Деним,985,26046
438,2024-04-21,100004,14,0,14,420,16,2,21,2352,3799,Джинсы Relaxed fit со средней посадкой,Одежда,Деним,971,20258
439,2024-04-22,100004,15,0,15,450,18,3,22,2352,3799,Джинсы Relaxed fit со средней посадкой,Одежда,Деним,956,21705
440,2024-04-23,100004,15,0,15,450,18,3,23,2352,3799,Джинсы Relaxed fit со средней посадкой,Одежда,Деним,941,21705
441,2024-04-24,100004,40,2,42,1200,48,6,24,2352,3799,Джинсы Relaxed fit со средней посадкой,Одежда,Деним,901,57880
442,2024-04-25,100004,18,0,18,540,21,3,25,2352,3799,Джинсы Relaxed fit со средней посадкой,Одежда,Деним,883,26046
443,2024-04-26,100004,41,2,43,1230,49,6,26,2352,3799,Джинсы Relaxed fit со средней посадкой,Одежда,Деним,842,59327
444,2024-04-27,100004,6,0,6,180,7,1,27,2352,3799,Джинсы Relaxed fit со средней посадкой,Одежда,Деним,836,8682
445,2024-04-28,100004,10,0,10,300,12,2,28,2352,3799,Джинсы Relaxed fit со средней посадкой,Одежда,Деним,826,14470
446,2024-04-29,100004,8,0,8,240,9,1,29,2352,3799,Джинсы Relaxed fit со средней посадкой,Одежда,Деним,818,11576
447,2024-04-30,100004,19,0,19,570,22,3,30,2352,3799,Джинсы Relaxed fit со средней посадкой,Одежда,Деним,799,27493
448,2024-01-10,100005,5,0,5,150,6,1,10,4500,7290,Утепленная куртка прямого кроя,Одежда,Куртки,2995,13950
449,2024-01-11,100005,3,0,3,90,3,0,11,4500,7290,Утепленная куртка прямого кроя,Одежда,Куртки,2992,8370
450,2024-01-12,100005,15,0,15,450,18,3,12,4500,7290,Утепленная куртка прямого кроя,Одежда,Куртки,2977,41850
451,2024-01-13,100005,1,0,1,30,1,0,13,4500,7290,Утепленная куртка прямого кроя,Одежда,Куртки,2976,2790
452,2024-01-14,100005,12,0,12,360,14,2,14,4500,7290,Утепленная куртка прямого кроя,Одежда,Куртки,2964,33480
453,2024-01-15,100005,2,0,2,60,2,0,15,4500,7290,Утепленная куртка прямого кроя,Одежда,Куртки,2962,5580
454,2024-01-16,100005,35,1,36,1050,42,6,16,4500,7290,Утепленная куртка прямого кроя,Одежда,Куртки,2927,97650
455,2024-01-17,100005,12,0,12,360,14,2,17,4500,7290,Утепленная куртка прямого кроя,Одежда,Куртки,2915,33480
456,2024-01-18,100005,6,0,6,180,7,1,18,4500,7290,Утепленная куртка прямого кроя,Одежда,Куртки,2909,16740
457,2024-01-19,100005,17,0,17,510,20,3,19,4500,7290,Утепленная куртка прямого кроя,Одежда,Куртки,2892,47430
458,2024-01-20,100005,11,0,11,330,13,2,20,4500,7290,Утепленная куртка прямого кроя,Одежда,Куртки,2881,30690
459,2024-01-21,100005,9,0,9,270,10,1,21,4500,7290,Утепленная куртка прямого кроя,Одежда,Куртки,2872,25110
460,2024-01-22,100005,13,0,13,390,15,2,22,4500,7290,Утепленная куртка прямого кроя,Одежда,Куртки,2859,36270
461,2024-01-23,100005,24,1,25,720,28,3,23,4500,7290,Утепленная куртка прямого кроя,Одежда,Куртки,2835,66960
462,2024-01-24,100005,7,0,7,210,8,1,24,4500,7290,Утепленная куртка прямого кроя,Одежда,Куртки,2828,19530
463,2024-01-25,100005,9,0,9,270,10,1,25,4500,7290,Утепленная куртка прямого кроя,Одежда,Куртки,2819,25110
464,2024-01-26,100005,28,1,29,840,33,4,26,4500,7290,Утепленная куртка прямого кроя,Одежда,Куртки,2791,78120
465,2024-01-27,100005,14,0,14,420,16,2,27,4500,7290,Утепленная куртка прямого кроя,Одежда,Куртки,2777,39060
466,2024-01-28,100005,3,0,3,90,3,0,28,4500,7290,Утепленная куртка прямого кроя,Одежда,Куртки,2774,8370
467,2024-01-29,100005,15,0,15,450,18,3,29,4500,7290,Утепленная куртка прямого кроя,Одежда,Куртки,2759,41850
468,2024-01-30,100005,31,1,32,930,37,5,30,4500,7290,Утепленная куртка прямого кроя,Одежда,Куртки,2728,86490
469,2024-01-31,100005,8,0,8,240,9,1,31,4500,7290,Утепленная куртка прямого кроя,Одежда,Куртки,2720,22320
470,2024-02-01,100005,8,0,8,240,9,1,1,4500,7290,Утепленная куртка прямого кроя,Одежда,Куртки,2712,22320
471,2024-02-02,100005,15,0,15,450,18,3,2,4500,7290,Утепленная куртка прямого кроя,Одежда,Куртки,2697,41850
472,2024-02-03,100005,8,0,8,240,9,1,3,4500,7290,Утепленная куртка прямого кроя,Одежда,Куртки,2689,22320
473,2024-02-04,100005,12,0,12,360,14,2,4,4500,7290,Утепленная куртка прямого кроя,Одежда,Куртки,2677,33480
474,2024-02-05,100005,0,0,0,0,0,0,5,4500,7290,Утепленная куртка прямого кроя,Одежда,Куртки,2677,0
475,2024-02-06,100005,30,1,31,900,36,5,6,4500,7290,Утепленная куртка прямого кроя,Одежда,Куртки,2647,83700
476,2024-02-07,100005,15,0,15,450,18,3,7,4500,7290,Утепленная куртка прямого кроя,Одежда,Куртки,2632,41850
477,2024-02-08,100005,8,0,8,240,9,1,8,4500,7290,Утепленная куртка прямого кроя,Одежда,Куртки,2624,22320
478,2024-02-09,100005,36,1,37,1080,43,6,9,4500,7290,Утепленная куртка прямого кроя,Одежда,Куртки,2588,100440
479,2024-02-10,100005,11,0,11,330,13,2,10,4500,7290,Утепленная куртка прямого кроя,Одежда,Куртки,2577,30690
480,2024-02-11,100005,13,0,13,390,15,2,11,4500,7290,Утепленная куртка прямого кроя,Одежда,Куртки,2564,36270
481,2024-02-12,100005,13,0,13,390,15,2,12,4500,7290,Утепленная куртка прямого кроя,Одежда,Куртки,2551,36270
482,2024-02-13,100005,22,1,23,660,26,3,13,4500,7290,Утепленная куртка прямого кроя,Одежда,Куртки,2529,61380
483,2024-02-14,100005,13,0,13,390,15,2,14,4500,7290,Утепленная куртка прямого кроя,Одежда,Куртки,2516,36270
484,2024-02-15,100005,11,0,11,330,13,2,15,4500,7290,Утепленная куртка прямого кроя,Одежда,Куртки,2505,30690
485,2024-02-16,100005,18,0,18,540,21,3,16,4500,7290,Утепленная куртка прямого кроя,Одежда,Куртки,2487,50220
486,2024-02-17,100005,0,0,0,0,0,0,17,4500,7290,Утепленная куртка прямого кроя,Одежда,Куртки,2487,0
487,2024-02-18,100005,13,0,13,390,15,2,18,4500,7290,Утепленная куртка прямого кроя,Одежда,Куртки,2474,36270
488,2024-02-19,100005,7,0,7,210,8,1,19,4500,7290,Утепленная куртка прямого кроя,Одежда,Куртки,2467,19530
489,2024-02-20,100005,24,0,16,720,28,3,20,4500,7290,Утепленная куртка прямого кроя,Одежда,Куртки,2443,66960
490,2024-02-21,100005,16,0,11,495,19,2,21,4500,7290,Утепленная куртка прямого кроя,Одежда,Куртки,2427,44640
491,2024-02-22,100005,6,0,4,180,6,0,22,4500,7290,Утепленная куртка прямого кроя,Одежда,Куртки,2421,16740
492,2024-02-23,100005,43,1,30,1305,51,4,23,4500,7290,Утепленная куртка прямого кроя,Одежда,Куртки,2378,119970
493,2024-02-24,100005,4,0,3,135,4,0,24,4500,7290,Утепленная куртка прямого кроя,Одежда,Куртки,2374,11160
494,2024-02-25,100005,6,0,4,180,6,0,25,4500,7290,Утепленная куртка прямого кроя,Одежда,Куртки,2368,16740
495,2024-02-26,100005,13,0,9,405,15,1,26,4500,7290,Утепленная куртка прямого кроя,Одежда,Куртки,2355,36270
496,2024-02-27,100005,52,1,36,1575,63,6,27,4500,7290,Утепленная куртка прямого кроя,Одежда,Куртки,2303,145080
497,2024-02-28,100005,10,0,7,315,12,1,28,4500,7290,Утепленная куртка прямого кроя,Одежда,Куртки,2293,27900
498,2024-02-29,100005,9,0,6,270,10,1,29,4500,7290,Утепленная куртка прямого кроя,Одежда,Куртки,2284,25110
499,2024-03-01,100005,51,1,35,1530,60,5,1,4500,7290,Утепленная куртка прямого кроя,Одежда,Куртки,2233,142290
500,2024-03-02,100005,10,0,7,315,12,1,2,4500,7290,Утепленная куртка прямого кроя,Одежда,Куртки,2223,27900
501,2024-03-03,100005,13,0,9,405,15,1,3,4500,7290,Утепленная куртка прямого кроя,Одежда,Куртки,2210,36270
502,2024-03-04,100005,7,0,5,225,9,1,4,4500,7290,Утепленная куртка прямого кроя,Одежда,Куртки,2203,19530
503,2024-03-05,100005,49,1,34,1485,58,5,5,4500,7290,Утепленная куртка прямого кроя,Одежда,Куртки,2154,136710
504,2024-03-06,100005,10,0,7,315,12,1,6,4500,7290,Утепленная куртка прямого кроя,Одежда,Куртки,2144,27900
505,2024-03-07,100005,4,0,3,135,4,0,7,4500,7290,Утепленная куртка прямого кроя,Одежда,Куртки,2140,11160
506,2024-03-08,100005,55,1,38,1665,66,6,8,4500,7290,Утепленная куртка прямого кроя,Одежда,Куртки,2085,153450
507,2024-03-09,100005,21,0,14,630,24,2,9,4500,7290,Утепленная куртка прямого кроя,Одежда,Куртки,2064,58590
508,2024-03-10,100005,4,0,3,135,4,0,10,4500,7290,Утепленная куртка прямого кроя,Одежда,Куртки,2060,11160
509,2024-03-11,100005,15,0,10,450,18,2,11,4500,7290,Утепленная куртка прямого кроя,Одежда,Куртки,2045,41850
510,2024-03-12,100005,46,1,32,1395,55,5,12,4500,7290,Утепленная куртка прямого кроя,Одежда,Куртки,1999,128340
511,2024-03-13,100005,21,0,14,630,24,2,13,4500,7290,Утепленная куртка прямого кроя,Одежда,Куртки,1978,58590
512,2024-03-14,100005,6,0,4,180,6,0,14,4500,7290,Утепленная куртка прямого кроя,Одежда,Куртки,1972,16740
513,2024-03-15,100005,33,1,23,990,39,3,15,4500,7290,Утепленная куртка прямого кроя,Одежда,Куртки,1939,92070
514,2024-03-16,100005,7,0,7,210,8,1,16,4500,7290,Утепленная куртка прямого кроя,Одежда,Куртки,1932,19530
515,2024-03-17,100005,14,0,14,420,16,2,17,4500,7290,Утепленная куртка прямого кроя,Одежда,Куртки,1918,39060
516,2024-03-18,100005,8,0,8,240,9,1,18,4500,7290,Утепленная куртка прямого кроя,Одежда,Куртки,1910,22320
517,2024-03-19,100005,15,0,15,450,18,3,19,4500,7290,Утепленная куртка прямого кроя,Одежда,Куртки,1895,41850
518,2024-03-20,100005,7,0,7,210,8,1,20,4500,7290,Утепленная куртка прямого кроя,Одежда,Куртки,1888,19530
519,2024-03-21,100005,12,0,12,360,14,2,21,4500,6299,Утепленная куртка прямого кроя,Одежда,Куртки,1876,21588
520,2024-03-22,100005,35,1,36,1050,42,6,22,4500,6299,Утепленная куртка прямого кроя,Одежда,Куртки,1841,62965
521,2024-03-23,100005,1,0,1,30,1,0,23,4500,6299,Утепленная куртка прямого кроя,Одежда,Куртки,1840,1799
522,2024-03-24,100005,2,0,2,60,2,0,24,4500,6299,Утепленная куртка прямого кроя,Одежда,Куртки,1838,3598
523,2024-03-25,100005,8,0,8,240,9,1,25,4500,6299,Утепленная куртка прямого кроя,Одежда,Куртки,1830,14392
524,2024-03-26,100005,39,1,40,1170,46,6,26,4500,6299,Утепленная куртка прямого кроя,Одежда,Куртки,1791,70161
525,2024-03-27,100005,2,0,2,60,2,0,27,4500,6299,Утепленная куртка прямого кроя,Одежда,Куртки,1789,3598
526,2024-03-28,100005,14,0,14,420,16,2,28,4500,6299,Утепленная куртка прямого кроя,Одежда,Куртки,1775,25186
527,2024-03-29,100005,30,1,31,900,36,5,29,4500,6299,Утепленная куртка прямого кроя,Одежда,Куртки,1745,53970
528,2024-03-30,100005,11,0,11,330,13,2,30,4500,6299,Утепленная куртка прямого кроя,Одежда,Куртки,1734,19789
529,2024-03-31,100005,1,0,1,30,1,0,31,4500,6299,Утепленная куртка прямого кроя,Одежда,Куртки,1733,1799
530,2024-04-01,100005,3,0,3,90,3,0,1,4500,6299,Утепленная куртка прямого кроя,Одежда,Куртки,1730,5397
531,2024-04-02,100005,15,0,15,450,18,3,2,4500,6299,Утепленная куртка прямого кроя,Одежда,Куртки,1715,26985
532,2024-04-03,100005,9,0,9,270,10,1,3,4500,6299,Утепленная куртка прямого кроя,Одежда,Куртки,1706,16191
533,2024-04-04,100005,15,0,15,450,18,3,4,4500,6299,Утепленная куртка прямого кроя,Одежда,Куртки,1691,26985
534,2024-04-05,100005,34,1,35,1020,40,5,5,4500,6299,Утепленная куртка прямого кроя,Одежда,Куртки,1657,61166
535,2024-04-06,100005,11,0,11,330,13,2,6,4500,6299,Утепленная куртка прямого кроя,Одежда,Куртки,1646,19789
536,2024-04-07,100005,2,0,2,60,2,0,7,4500,6299,Утепленная куртка прямого кроя,Одежда,Куртки,1644,3598
537,2024-04-08,100005,7,0,7,210,8,1,8,4500,6299,Утепленная куртка прямого кроя,Одежда,Куртки,1637,12593
538,2024-04-09,100005,25,1,26,750,30,4,9,4500,6299,Утепленная куртка прямого кроя,Одежда,Куртки,1612,44975
539,2024-04-10,100005,14,0,14,420,16,2,10,4500,6299,Утепленная куртка прямого кроя,Одежда,Куртки,1598,25186
540,2024-04-11,100005,11,0,11,330,13,2,11,4500,6299,Утепленная куртка прямого кроя,Одежда,Куртки,1587,19789
541,2024-04-12,100005,36,1,37,1080,43,6,12,4500,6299,Утепленная куртка прямого кроя,Одежда,Куртки,1551,64764
542,2024-04-13,100005,14,0,14,420,16,2,13,4500,6299,Утепленная куртка прямого кроя,Одежда,Куртки,1537,25186
543,2024-04-14,100005,10,0,10,300,12,2,14,4500,6299,Утепленная куртка прямого кроя,Одежда,Куртки,1527,17990
544,2024-04-15,100005,5,0,5,150,6,1,15,4500,6299,Утепленная куртка прямого кроя,Одежда,Куртки,1522,8995
545,2024-04-16,100005,31,1,32,930,37,5,16,4500,5399,Утепленная куртка прямого кроя,Одежда,Куртки,1491,27869
546,2024-04-17,100005,13,0,13,390,15,2,17,4500,5399,Утепленная куртка прямого кроя,Одежда,Куртки,1478,11687
547,2024-04-18,100005,7,0,7,210,8,1,18,4500,5399,Утепленная куртка прямого кроя,Одежда,Куртки,1471,6293
548,2024-04-19,100005,29,1,30,870,34,4,19,4500,5399,Утепленная куртка прямого кроя,Одежда,Куртки,1442,26071
549,2024-04-20,100005,5,0,5,150,6,1,20,4500,5399,Утепленная куртка прямого кроя,Одежда,Куртки,1437,4495
550,2024-04-21,100005,13,0,13,390,15,2,21,4500,5399,Утепленная куртка прямого кроя,Одежда,Куртки,1424,11687
551,2024-04-22,100005,14,0,14,420,16,2,22,4500,5399,Утепленная куртка прямого кроя,Одежда,Куртки,1410,12586
552,2024-04-23,100005,36,1,37,1080,43,6,23,4500,5399,Утепленная куртка прямого кроя,Одежда,Куртки,1374,32364
553,2024-04-24,100005,13,0,13,390,15,2,24,4500,5399,Утепленная куртка прямого кроя,Одежда,Куртки,1361,11687
554,2024-04-25,100005,4,0,4,120,4,0,25,4500,5399,Утепленная куртка прямого кроя,Одежда,Куртки,1357,3596
555,2024-04-26,100005,19,0,19,570,22,3,26,4500,5399,Утепленная куртка прямого кроя,Одежда,Куртки,1338,17081
556,2024-04-27,100005,12,0,12,360,14,2,27,4500,5399,Утепленная куртка прямого кроя,Одежда,Куртки,1326,10788
557,2024-04-28,100005,13,0,13,390,15,2,28,4500,5399,Утепленная куртка прямого кроя,Одежда,Куртки,1313,11687
558,2024-04-29,100005,0,0,0,0,0,0,29,4500,5399,Утепленная куртка прямого кроя,Одежда,Куртки,1313,0
559,2024-04-30,100005,23,1,24,690,27,3,30,4500,5399,Утепленная куртка прямого кроя,Одежда,Куртки,1290,20677
